patient_id,name,dob,phone,email
1000,Benjamin Brown,1989-11-28,356.751.1671,patient1000@notreal.com
1001,Scott Lynch,2001-03-16,+1-509-439-7690x2249,patient1001@notreal.com
1002,Brad Coleman,1969-01-04,001-482-989-1167x97056,patient1002@notreal.com
1003,Kristopher Lane,1991-04-16,001-981-943-7180x64789,patient1003@notreal.com
1004,Carol Smith,1958-06-02,(572)475-0186,patient1004@notreal.com
1005,Adrienne Sloan,1995-09-26,(346)326-5957x719,patient1005@notreal.com
1006,David Mclaughlin,1959-12-19,(520)361-1080x4482,patient1006@notreal.com
1007,Valerie Davis,1974-05-24,001-964-991-6747,patient1007@notreal.com
1008,Brandon Willis,1967-05-18,539-453-1811x811,patient1008@notreal.com
1009,Jane Chung,1981-08-19,(408)365-2545x3257,patient1009@notreal.com
1010,Tina Sparks,1998-08-06,(897)578-0005x6229,patient1010@notreal.com
1011,Joe Black,1995-03-26,+1-517-215-2001,patient1011@notreal.com
1012,Kimberly Patterson,1954-06-26,+1-219-391-9866x035,patient1012@notreal.com
1013,Ann Rivera,1969-06-15,001-868-668-6133x421,patient1013@notreal.com
1014,Vincent Rivera,1943-07-13,765-453-7358,patient1014@notreal.com
1015,Sydney Valdez,1995-04-07,454-581-6231,patient1015@notreal.com
1016,Anthony Richardson,1943-10-21,(489)227-4274x430,patient1016@notreal.com
1017,Stacey Morgan,2005-01-03,+1-997-476-5124x064,patient1017@notreal.com
1018,Aaron Bruce,1989-11-29,508-679-0219,patient1018@notreal.com
1019,Nicholas Garcia,1936-03-27,693.746.1525x01198,patient1019@notreal.com
1020,Jordan Burnett,1946-12-08,273.988.3705x79550,patient1020@notreal.com
1021,Christopher Shelton,1958-05-21,4424744230,patient1021@notreal.com
1022,Julia Martinez,1976-08-24,(593)822-3701x70478,patient1022@notreal.com
1023,Daniel Ramsey,1981-01-05,9474138529,patient1023@notreal.com
1024,Mrs. Jessica Gonzales,1951-07-04,+1-311-532-3422,patient1024@notreal.com
1025,Michael Ellis,1971-08-23,001-268-987-1789x79025,patient1025@notreal.com
1026,Dana Castaneda,1975-11-17,968.671.3913x971,patient1026@notreal.com
1027,Jennifer Keller,1954-01-29,939-261-3422x435,patient1027@notreal.com
1028,Brian Ross,1937-02-08,421-390-1176x3004,patient1028@notreal.com
1029,Gary Walter,1961-11-20,492.587.2840x97569,patient1029@notreal.com
1030,Shari Peterson,1939-11-04,+1-672-448-1802,patient1030@notreal.com
1031,Kevin Lewis,1991-03-26,779.393.7397,patient1031@notreal.com
1032,Jonathan Cortez,1969-08-10,960-880-8011x8151,patient1032@notreal.com
1033,Jamie Cox,1949-06-11,953.275.9537x161,patient1033@notreal.com
1034,Shelley Huff,1960-02-01,+1-809-905-1763x4693,patient1034@notreal.com
1035,Anita Moore,1939-01-14,(224)455-5736x18505,patient1035@notreal.com
1036,Casey Perez,1940-10-24,001-673-297-5724x54918,patient1036@notreal.com
1037,Stephanie Mack,1969-10-17,+1-292-616-6790,patient1037@notreal.com
1038,Gregory Knight,1975-08-14,364-202-0670,patient1038@notreal.com
1039,Jeff Russell,1998-11-25,(683)735-3773x4074,patient1039@notreal.com
1040,Juan Mullins,2000-09-15,(753)387-7545x62337,patient1040@notreal.com
1041,Katherine Swanson,1944-07-28,+1-391-933-9185x37872,patient1041@notreal.com
1042,Allen Snyder,1936-05-28,+1-432-791-5639x6534,patient1042@notreal.com
1043,Dr. Whitney Morales MD,1949-01-13,665.528.1712,patient1043@notreal.com
1044,Matthew Hart,1981-07-03,7902749131,patient1044@notreal.com
1045,Marie Mendoza,1998-11-26,900-758-5589,patient1045@notreal.com
1046,Michael Middleton,2001-12-10,709.517.0928x33493,patient1046@notreal.com
1047,David Romero,1975-08-21,977-308-7058,patient1047@notreal.com
1048,Cody Smith,1951-01-27,(306)704-0849x27689,patient1048@notreal.com
1049,Jeremy Caldwell,2007-05-05,565.847.3877x259,patient1049@notreal.com
1000,James Taylor,1991-11-29,954-950-5210x2059,patient1000@notreal.com
1001,William Weaver,1944-09-05,001-611-501-8099,patient1001@notreal.com
1002,William Levy,2000-10-29,(244)864-0618,patient1002@notreal.com
1003,Alexander Good,1987-03-05,307.676.3660,patient1003@notreal.com
1004,Luis Robbins,1934-12-05,+1-999-995-1218x03059,patient1004@notreal.com
1005,Natalie Potter,1937-10-28,(599)398-1864x894,patient1005@notreal.com
1006,Colleen Smith,1993-05-10,772.939.6417,patient1006@notreal.com
1007,Sarah Cantu,1986-12-17,513.549.7847x793,patient1007@notreal.com
1008,Christopher Ramos,1935-04-23,560-525-9695,patient1008@notreal.com
1009,Justin Delacruz,1949-06-08,436.499.7972x6077,patient1009@notreal.com
1010,Jason Robinson,1960-12-20,767.882.7262x98480,patient1010@notreal.com
1011,Kevin Jacobs,1951-09-04,3919260000,patient1011@notreal.com
1012,Matthew Merritt,1979-09-11,298.802.9078x441,patient1012@notreal.com
1013,Sandra Brewer,1992-05-20,618.923.1883x329,patient1013@notreal.com
1014,Erica Walker,2007-05-17,001-521-358-3182x77233,patient1014@notreal.com
1015,Jessica Perez,1986-02-10,(415)836-3786x66170,patient1015@notreal.com
1016,Matthew Miles,1987-04-17,+1-206-311-7776x69337,patient1016@notreal.com
1017,Tara Peterson,1963-11-05,869.400.1661x6135,patient1017@notreal.com
1018,Sarah Spencer,1971-09-27,917.380.6117x08024,patient1018@notreal.com
1019,Gina Lynn,2001-07-27,(211)476-1682,patient1019@notreal.com
1020,Michael Parrish,1940-07-20,+1-948-318-5806x13322,patient1020@notreal.com
1021,Jennifer Barrera,1940-08-21,001-309-744-0014,patient1021@notreal.com
1022,Marissa Bishop,1984-03-08,(783)935-4184x1536,patient1022@notreal.com
1023,Nicolas Todd,1972-08-01,361.885.2725x3049,patient1023@notreal.com
1024,Jennifer Oconnor,1969-10-22,658-531-1354x26420,patient1024@notreal.com
1025,Rachel Pugh,1991-03-11,(607)674-4672x42594,patient1025@notreal.com
1026,Tammy Davis,1987-01-25,001-536-620-9866,patient1026@notreal.com
1027,Yvette Archer,2007-02-07,4854955193,patient1027@notreal.com
1028,Ryan Berry,1943-04-23,692.430.8660x7666,patient1028@notreal.com
1029,Michael Bowman,1973-10-16,+1-792-685-5518,patient1029@notreal.com
1030,Eddie Watson,1937-05-23,8892634343,patient1030@notreal.com
1031,Margaret Brock,1970-01-31,+1-455-739-7500x98075,patient1031@notreal.com
1032,Tyler Reed,1966-11-22,(861)545-7659,patient1032@notreal.com
1033,Kristi Nicholson,1965-03-19,277-838-9159x71155,patient1033@notreal.com
1034,Tamara Kaufman,1961-03-29,+1-808-957-2229,patient1034@notreal.com
1035,Andrew Anderson,1949-07-22,001-822-452-5184x26175,patient1035@notreal.com
1036,Dr. Jeffrey Moran,1992-09-27,001-674-906-2258x581,patient1036@notreal.com
1037,Sarah Schwartz,1973-10-17,+1-600-791-9799,patient1037@notreal.com
1038,Paula Robertson,1953-02-25,(624)671-9841,patient1038@notreal.com
1039,April Richardson,1993-10-11,001-534-577-6590x62350,patient1039@notreal.com
1040,Ashley Sanders,2005-08-05,754.966.2775,patient1040@notreal.com
1041,Haley Stark,1989-04-14,204-403-3146x9196,patient1041@notreal.com
1042,Sheri Fox,1954-02-13,328.273.0380,patient1042@notreal.com
1043,Kathleen Herrera,1974-11-25,236.812.5851,patient1043@notreal.com
1044,Shane Ramsey,1940-08-23,9009629678,patient1044@notreal.com
1045,Larry Bennett,2006-03-04,745.753.6984x278,patient1045@notreal.com
1046,Aaron Underwood,1989-08-14,001-468-342-4853x77785,patient1046@notreal.com
1047,Gabriela Davis,1938-02-13,+1-264-555-6667x485,patient1047@notreal.com
1048,Kristin Perry,1940-04-28,+1-304-587-9481x8056,patient1048@notreal.com
1049,James Morrison,2000-05-07,592.240.6385x649,patient1049@notreal.com
1050,Deivyansh Singh,2002-07-27,7737826639,deivyanshs@gmail.com
